entity_uuid,customer_uuid,created_at,updated_at
e0361253-71c1-190d-523c-741ae13ca201,09114f27-59f2-b699-f1e1-ea88143bcf76,2016-04-17 08:28:20 +0000,2016-04-17 08:28:20 +0000
764b46ea-945d-2728-6b14-8e85aeb21719,5da6f01b-d8c8-9fc4-8295-d3ee37d45c27,2016-04-17 01:33:30 +0000,2016-04-17 01:33:30 +0000
764b46ea-945d-2728-6b14-8e85aeb21719,5da6f01b-d8c8-9fc4-8295-d3ee37d45c27,2016-04-17 01:33:30 +0000,2016-04-17 01:33:30 +0000
764b46ea-945d-2728-6b14-8e85aeb21719,5da6f01b-d8c8-9fc4-8295-d3ee37d45c27,2016-04-17 01:33:30 +0000,2016-04-17 01:33:30 +0000
764b46ea-945d-2728-6b14-8e85aeb21719,5da6f01b-d8c8-9fc4-8295-d3ee37d45c27,2016-04-17 01:33:30 +0000,2016-04-17 01:33:30 +0000
764b46ea-945d-2728-6b14-8e85aeb21719,5da6f01b-d8c8-9fc4-8295-d3ee37d45c27,2016-04-17 01:33:30 +0000,2016-04-17 01:33:30 +0000
764b46ea-945d-2728-6b14-8e85aeb21719,5da6f01b-d8c8-9fc4-8295-d3ee37d45c27,2016-04-17 01:33:30 +0000,2016-04-17 01:33:30 +0000
764b46ea-945d-2728-6b14-8e85aeb21719,5da6f01b-d8c8-9fc4-8295-d3ee37d45c27,2016-04-17 01:33:30 +0000,2016-04-17 01:33:30 +0000
764b46ea-945d-2728-6b14-8e85aeb21719,5da6f01b-d8c8-9fc4-8295-d3ee37d45c27,2016-04-17 01:33:30 +0000,2016-04-17 01:33:30 +0000
764b46ea-945d-2728-6b14-8e85aeb21719,5da6f01b-d8c8-9fc4-8295-d3ee37d45c27,2016-04-17 01:33:30 +0000,2016-04-17 01:33:30 +0000
764b46ea-945d-2728-6b14-8e85aeb21719,f4c2f6f3-1175-bcae-b1af-3e0fc3ba05a8,2016-04-17 01:33:15 +0000,2016-04-17 01:33:15 +0000
764b46ea-945d-2728-6b14-8e85aeb21719,f4c2f6f3-1175-bcae-b1af-3e0fc3ba05a8,2016-04-17 01:33:15 +0000,2016-04-17 01:33:15 +0000
764b46ea-945d-2728-6b14-8e85aeb21719,f4c2f6f3-1175-bcae-b1af-3e0fc3ba05a8,2016-04-17 01:33:15 +0000,2016-04-17 01:33:15 +0000
764b46ea-945d-2728-6b14-8e85aeb21719,f4c2f6f3-1175-bcae-b1af-3e0fc3ba05a8,2016-04-17 01:33:15 +0000,2016-04-17 01:33:15 +0000
764b46ea-945d-2728-6b14-8e85aeb21719,f4c2f6f3-1175-bcae-b1af-3e0fc3ba05a8,2016-04-17 01:33:15 +0000,2016-04-17 01:33:15 +0000
764b46ea-945d-2728-6b14-8e85aeb21719,f4c2f6f3-1175-bcae-b1af-3e0fc3ba05a8,2016-04-17 01:33:15 +0000,2016-04-17 01:33:15 +0000
764b46ea-945d-2728-6b14-8e85aeb21719,f4c2f6f3-1175-bcae-b1af-3e0fc3ba05a8,2016-04-17 01:33:15 +0000,2016-04-17 01:33:15 +0000
764b46ea-945d-2728-6b14-8e85aeb21719,f4c2f6f3-1175-bcae-b1af-3e0fc3ba05a8,2016-04-17 01:33:15 +0000,2016-04-17 01:33:15 +0000
764b46ea-945d-2728-6b14-8e85aeb21719,f4c2f6f3-1175-bcae-b1af-3e0fc3ba05a8,2016-04-17 01:33:15 +0000,2016-04-17 01:33:15 +0000
764b46ea-945d-2728-6b14-8e85aeb21719,72ebcee1-59bc-915a-a5a9-968ea9d4b156,2016-04-17 01:33:00 +0000,2016-04-17 01:33:00 +0000
764b46ea-945d-2728-6b14-8e85aeb21719,72ebcee1-59bc-915a-a5a9-968ea9d4b156,2016-04-17 01:33:00 +0000,2016-04-17 01:33:00 +0000
764b46ea-945d-2728-6b14-8e85aeb21719,72ebcee1-59bc-915a-a5a9-968ea9d4b156,2016-04-17 01:33:00 +0000,2016-04-17 01:33:00 +0000
764b46ea-945d-2728-6b14-8e85aeb21719,72ebcee1-59bc-915a-a5a9-968ea9d4b156,2016-04-17 01:33:00 +0000,2016-04-17 01:33:00 +0000
764b46ea-945d-2728-6b14-8e85aeb21719,72ebcee1-59bc-915a-a5a9-968ea9d4b156,2016-04-17 01:33:00 +0000,2016-04-17 01:33:00 +0000
764b46ea-945d-2728-6b14-8e85aeb21719,72ebcee1-59bc-915a-a5a9-968ea9d4b156,2016-04-17 01:33:00 +0000,2016-04-17 01:33:00 +0000
764b46ea-945d-2728-6b14-8e85aeb21719,72ebcee1-59bc-915a-a5a9-968ea9d4b156,2016-04-17 01:33:00 +0000,2016-04-17 01:33:00 +0000
764b46ea-945d-2728-6b14-8e85aeb21719,72ebcee1-59bc-915a-a5a9-968ea9d4b156,2016-04-17 01:33:00 +0000,2016-04-17 01:33:00 +0000
764b46ea-945d-2728-6b14-8e85aeb21719,72ebcee1-59bc-915a-a5a9-968ea9d4b156,2016-04-17 01:33:00 +0000,2016-04-17 01:33:00 +0000
764b46ea-945d-2728-6b14-8e85aeb21719,80689737-ef74-9def-49f8-4d7c47785a34,2016-04-17 01:32:24 +0000,2016-04-17 01:32:24 +0000
764b46ea-945d-2728-6b14-8e85aeb21719,80689737-ef74-9def-49f8-4d7c47785a34,2016-04-17 01:32:24 +0000,2016-04-17 01:32:24 +0000
764b46ea-945d-2728-6b14-8e85aeb21719,80689737-ef74-9def-49f8-4d7c47785a34,2016-04-17 01:32:24 +0000,2016-04-17 01:32:24 +0000
764b46ea-945d-2728-6b14-8e85aeb21719,80689737-ef74-9def-49f8-4d7c47785a34,2016-04-17 01:32:24 +0000,2016-04-17 01:32:24 +0000
764b46ea-945d-2728-6b14-8e85aeb21719,80689737-ef74-9def-49f8-4d7c47785a34,2016-04-17 01:32:24 +0000,2016-04-17 01:32:24 +0000
764b46ea-945d-2728-6b14-8e85aeb21719,80689737-ef74-9def-49f8-4d7c47785a34,2016-04-17 01:32:24 +0000,2016-04-17 01:32:24 +0000
764b46ea-945d-2728-6b14-8e85aeb21719,80689737-ef74-9def-49f8-4d7c47785a34,2016-04-17 01:32:24 +0000,2016-04-17 01:32:24 +0000
764b46ea-945d-2728-6b14-8e85aeb21719,80689737-ef74-9def-49f8-4d7c47785a34,2016-04-17 01:32:24 +0000,2016-04-17 01:32:24 +0000
764b46ea-945d-2728-6b14-8e85aeb21719,80689737-ef74-9def-49f8-4d7c47785a34,2016-04-17 01:32:24 +0000,2016-04-17 01:32:24 +0000
764b46ea-945d-2728-6b14-8e85aeb21719,f23fd798-2cc4-426e-c670-13e81ba24806,2016-04-17 01:31:52 +0000,2016-04-17 01:31:52 +0000
764b46ea-945d-2728-6b14-8e85aeb21719,f23fd798-2cc4-426e-c670-13e81ba24806,2016-04-17 01:31:52 +0000,2016-04-17 01:31:52 +0000
764b46ea-945d-2728-6b14-8e85aeb21719,f23fd798-2cc4-426e-c670-13e81ba24806,2016-04-17 01:31:52 +0000,2016-04-17 01:31:52 +0000
764b46ea-945d-2728-6b14-8e85aeb21719,f23fd798-2cc4-426e-c670-13e81ba24806,2016-04-17 01:31:52 +0000,2016-04-17 01:31:52 +0000
764b46ea-945d-2728-6b14-8e85aeb21719,f23fd798-2cc4-426e-c670-13e81ba24806,2016-04-17 01:31:52 +0000,2016-04-17 01:31:52 +0000
764b46ea-945d-2728-6b14-8e85aeb21719,f23fd798-2cc4-426e-c670-13e81ba24806,2016-04-17 01:31:52 +0000,2016-04-17 01:31:52 +0000
764b46ea-945d-2728-6b14-8e85aeb21719,f23fd798-2cc4-426e-c670-13e81ba24806,2016-04-17 01:31:52 +0000,2016-04-17 01:31:52 +0000
764b46ea-945d-2728-6b14-8e85aeb21719,f23fd798-2cc4-426e-c670-13e81ba24806,2016-04-17 01:31:52 +0000,2016-04-17 01:31:52 +0000
764b46ea-945d-2728-6b14-8e85aeb21719,f23fd798-2cc4-426e-c670-13e81ba24806,2016-04-17 01:31:52 +0000,2016-04-17 01:31:52 +0000
764b46ea-945d-2728-6b14-8e85aeb21719,c56cc094-c333-cb21-c485-e22ad2c01ec7,2016-04-17 01:31:41 +0000,2016-04-17 01:31:41 +0000
764b46ea-945d-2728-6b14-8e85aeb21719,c56cc094-c333-cb21-c485-e22ad2c01ec7,2016-04-17 01:31:41 +0000,2016-04-17 01:31:41 +0000
764b46ea-945d-2728-6b14-8e85aeb21719,c56cc094-c333-cb21-c485-e22ad2c01ec7,2016-04-17 01:31:41 +0000,2016-04-17 01:31:41 +0000
764b46ea-945d-2728-6b14-8e85aeb21719,c56cc094-c333-cb21-c485-e22ad2c01ec7,2016-04-17 01:31:41 +0000,2016-04-17 01:31:41 +0000
764b46ea-945d-2728-6b14-8e85aeb21719,c56cc094-c333-cb21-c485-e22ad2c01ec7,2016-04-17 01:31:41 +0000,2016-04-17 01:31:41 +0000
764b46ea-945d-2728-6b14-8e85aeb21719,c56cc094-c333-cb21-c485-e22ad2c01ec7,2016-04-17 01:31:41 +0000,2016-04-17 01:31:41 +0000
764b46ea-945d-2728-6b14-8e85aeb21719,c56cc094-c333-cb21-c485-e22ad2c01ec7,2016-04-17 01:31:41 +0000,2016-04-17 01:31:41 +0000
764b46ea-945d-2728-6b14-8e85aeb21719,c56cc094-c333-cb21-c485-e22ad2c01ec7,2016-04-17 01:31:41 +0000,2016-04-17 01:31:41 +0000
764b46ea-945d-2728-6b14-8e85aeb21719,c56cc094-c333-cb21-c485-e22ad2c01ec7,2016-04-17 01:31:41 +0000,2016-04-17 01:31:41 +0000
764b46ea-945d-2728-6b14-8e85aeb21719,9be92397-63a5-53a3-7502-3ed2a49d6b7f,2016-04-17 01:31:29 +0000,2016-04-17 01:31:29 +0000
764b46ea-945d-2728-6b14-8e85aeb21719,9be92397-63a5-53a3-7502-3ed2a49d6b7f,2016-04-17 01:31:29 +0000,2016-04-17 01:31:29 +0000
764b46ea-945d-2728-6b14-8e85aeb21719,9be92397-63a5-53a3-7502-3ed2a49d6b7f,2016-04-17 01:31:29 +0000,2016-04-17 01:31:29 +0000
764b46ea-945d-2728-6b14-8e85aeb21719,9be92397-63a5-53a3-7502-3ed2a49d6b7f,2016-04-17 01:31:29 +0000,2016-04-17 01:31:29 +0000
764b46ea-945d-2728-6b14-8e85aeb21719,9be92397-63a5-53a3-7502-3ed2a49d6b7f,2016-04-17 01:31:29 +0000,2016-04-17 01:31:29 +0000
764b46ea-945d-2728-6b14-8e85aeb21719,9be92397-63a5-53a3-7502-3ed2a49d6b7f,2016-04-17 01:31:29 +0000,2016-04-17 01:31:29 +0000
764b46ea-945d-2728-6b14-8e85aeb21719,9be92397-63a5-53a3-7502-3ed2a49d6b7f,2016-04-17 01:31:29 +0000,2016-04-17 01:31:29 +0000
764b46ea-945d-2728-6b14-8e85aeb21719,9be92397-63a5-53a3-7502-3ed2a49d6b7f,2016-04-17 01:31:29 +0000,2016-04-17 01:31:29 +0000
764b46ea-945d-2728-6b14-8e85aeb21719,9be92397-63a5-53a3-7502-3ed2a49d6b7f,2016-04-17 01:31:29 +0000,2016-04-17 01:31:29 +0000
764b46ea-945d-2728-6b14-8e85aeb21719,20135206-96eb-8be0-9ac4-670b257e532c,2016-04-17 01:31:17 +0000,2016-04-17 01:31:17 +0000
764b46ea-945d-2728-6b14-8e85aeb21719,20135206-96eb-8be0-9ac4-670b257e532c,2016-04-17 01:31:17 +0000,2016-04-17 01:31:17 +0000
764b46ea-945d-2728-6b14-8e85aeb21719,20135206-96eb-8be0-9ac4-670b257e532c,2016-04-17 01:31:17 +0000,2016-04-17 01:31:17 +0000
764b46ea-945d-2728-6b14-8e85aeb21719,20135206-96eb-8be0-9ac4-670b257e532c,2016-04-17 01:31:17 +0000,2016-04-17 01:31:17 +0000
764b46ea-945d-2728-6b14-8e85aeb21719,20135206-96eb-8be0-9ac4-670b257e532c,2016-04-17 01:31:17 +0000,2016-04-17 01:31:17 +0000
764b46ea-945d-2728-6b14-8e85aeb21719,20135206-96eb-8be0-9ac4-670b257e532c,2016-04-17 01:31:17 +0000,2016-04-17 01:31:17 +0000
764b46ea-945d-2728-6b14-8e85aeb21719,20135206-96eb-8be0-9ac4-670b257e532c,2016-04-17 01:31:17 +0000,2016-04-17 01:31:17 +0000
764b46ea-945d-2728-6b14-8e85aeb21719,20135206-96eb-8be0-9ac4-670b257e532c,2016-04-17 01:31:17 +0000,2016-04-17 01:31:17 +0000
764b46ea-945d-2728-6b14-8e85aeb21719,20135206-96eb-8be0-9ac4-670b257e532c,2016-04-17 01:31:17 +0000,2016-04-17 01:31:17 +0000
764b46ea-945d-2728-6b14-8e85aeb21719,d8b57c0e-9f0f-4dcb-d207-a12a90c64a2d,2016-04-17 01:30:55 +0000,2016-04-17 01:30:55 +0000
764b46ea-945d-2728-6b14-8e85aeb21719,d8b57c0e-9f0f-4dcb-d207-a12a90c64a2d,2016-04-17 01:30:55 +0000,2016-04-17 01:30:55 +0000
764b46ea-945d-2728-6b14-8e85aeb21719,d8b57c0e-9f0f-4dcb-d207-a12a90c64a2d,2016-04-17 01:30:55 +0000,2016-04-17 01:30:55 +0000
764b46ea-945d-2728-6b14-8e85aeb21719,d8b57c0e-9f0f-4dcb-d207-a12a90c64a2d,2016-04-17 01:30:55 +0000,2016-04-17 01:30:55 +0000
764b46ea-945d-2728-6b14-8e85aeb21719,d8b57c0e-9f0f-4dcb-d207-a12a90c64a2d,2016-04-17 01:30:55 +0000,2016-04-17 01:30:55 +0000
764b46ea-945d-2728-6b14-8e85aeb21719,d8b57c0e-9f0f-4dcb-d207-a12a90c64a2d,2016-04-17 01:30:55 +0000,2016-04-17 01:30:55 +0000
764b46ea-945d-2728-6b14-8e85aeb21719,d8b57c0e-9f0f-4dcb-d207-a12a90c64a2d,2016-04-17 01:30:55 +0000,2016-04-17 01:30:55 +0000
764b46ea-945d-2728-6b14-8e85aeb21719,d8b57c0e-9f0f-4dcb-d207-a12a90c64a2d,2016-04-17 01:30:55 +0000,2016-04-17 01:30:55 +0000
764b46ea-945d-2728-6b14-8e85aeb21719,d8b57c0e-9f0f-4dcb-d207-a12a90c64a2d,2016-04-17 01:30:55 +0000,2016-04-17 01:30:55 +0000
3db39fd2-7555-5a60-d7ff-b30c0a5e9915,42a600bf-c87b-1718-4f67-2fb0f38c3221,2016-04-16 05:58:48 +0000,2016-04-16 05:58:48 +0000
3db39fd2-7555-5a60-d7ff-b30c0a5e9915,42a600bf-c87b-1718-4f67-2fb0f38c3221,2016-04-16 05:58:48 +0000,2016-04-16 05:58:48 +0000
3db39fd2-7555-5a60-d7ff-b30c0a5e9915,42a600bf-c87b-1718-4f67-2fb0f38c3221,2016-04-16 05:58:48 +0000,2016-04-16 05:58:48 +0000
3db39fd2-7555-5a60-d7ff-b30c0a5e9915,42a600bf-c87b-1718-4f67-2fb0f38c3221,2016-04-16 05:58:48 +0000,2016-04-16 05:58:48 +0000
3db39fd2-7555-5a60-d7ff-b30c0a5e9915,8b2bf2df-f003-d335-b340-7f6bb1996e02,2016-04-16 05:57:48 +0000,2016-04-16 05:57:48 +0000
3db39fd2-7555-5a60-d7ff-b30c0a5e9915,8b2bf2df-f003-d335-b340-7f6bb1996e02,2016-04-16 05:57:48 +0000,2016-04-16 05:57:48 +0000
3db39fd2-7555-5a60-d7ff-b30c0a5e9915,8b2bf2df-f003-d335-b340-7f6bb1996e02,2016-04-16 05:57:48 +0000,2016-04-16 05:57:48 +0000
3db39fd2-7555-5a60-d7ff-b30c0a5e9915,8b2bf2df-f003-d335-b340-7f6bb1996e02,2016-04-16 05:57:48 +0000,2016-04-16 05:57:48 +0000
3db39fd2-7555-5a60-d7ff-b30c0a5e9915,0a800498-a089-2c63-a547-49300041862e,2016-04-16 05:50:10 +0000,2016-04-16 05:50:10 +0000
3db39fd2-7555-5a60-d7ff-b30c0a5e9915,0a800498-a089-2c63-a547-49300041862e,2016-04-16 05:50:10 +0000,2016-04-16 05:50:10 +0000
3db39fd2-7555-5a60-d7ff-b30c0a5e9915,0a800498-a089-2c63-a547-49300041862e,2016-04-16 05:50:10 +0000,2016-04-16 05:50:10 +0000
3db39fd2-7555-5a60-d7ff-b30c0a5e9915,0a800498-a089-2c63-a547-49300041862e,2016-04-16 05:50:10 +0000,2016-04-16 05:50:10 +0000
eafd9f84-4422-7845-0ddd-56b9d9776923,0626f14a-2a23-b7d3-480e-7e0f48674b15,2016-04-15 22:11:57 +0000,2016-04-15 22:11:57 +0000
3db39fd2-7555-5a60-d7ff-b30c0a5e9915,8718f09b-6b5b-e3fd-9b2f-583d2ba1c239,2016-04-15 21:49:49 +0000,2016-04-15 21:49:49 +0000
3db39fd2-7555-5a60-d7ff-b30c0a5e9915,8718f09b-6b5b-e3fd-9b2f-583d2ba1c239,2016-04-15 21:49:49 +0000,2016-04-15 21:49:49 +0000
3db39fd2-7555-5a60-d7ff-b30c0a5e9915,8718f09b-6b5b-e3fd-9b2f-583d2ba1c239,2016-04-15 21:49:49 +0000,2016-04-15 21:49:49 +0000
3db39fd2-7555-5a60-d7ff-b30c0a5e9915,8718f09b-6b5b-e3fd-9b2f-583d2ba1c239,2016-04-15 21:49:49 +0000,2016-04-15 21:49:49 +0000
08d635e5-fce1-c4f7-d3fb-5b7286415b04,f39594a7-c426-aa23-e11f-1e32d03e1cee,2016-04-15 19:01:34 +0000,2016-04-15 19:01:34 +0000
32ebe156-8c3d-e68c-1242-4bd2e884d5e8,66120225-ce40-6f20-2021-0c5e363a2e26,2016-04-15 16:33:38 +0000,2016-04-15 16:33:38 +0000
32ebe156-8c3d-e68c-1242-4bd2e884d5e8,66120225-ce40-6f20-2021-0c5e363a2e26,2016-04-15 16:33:38 +0000,2016-04-15 16:33:38 +0000
32ebe156-8c3d-e68c-1242-4bd2e884d5e8,767fba43-e72f-787b-837c-03a6c8a99835,2016-04-15 16:33:04 +0000,2016-04-15 16:33:04 +0000
32ebe156-8c3d-e68c-1242-4bd2e884d5e8,767fba43-e72f-787b-837c-03a6c8a99835,2016-04-15 16:33:04 +0000,2016-04-15 16:33:04 +0000
f93d65c7-11da-f085-0bdd-d54510f77a41,20c26fb5-698c-fc78-901a-5194a8052bdc,2016-04-15 15:46:43 +0000,2016-04-15 15:46:43 +0000
f93d65c7-11da-f085-0bdd-d54510f77a41,20c26fb5-698c-fc78-901a-5194a8052bdc,2016-04-15 15:46:43 +0000,2016-04-15 15:46:43 +0000
f93d65c7-11da-f085-0bdd-d54510f77a41,e554c3bb-48eb-dee4-c23a-3942a1961586,2016-04-15 15:45:36 +0000,2016-04-15 15:45:36 +0000
f93d65c7-11da-f085-0bdd-d54510f77a41,e554c3bb-48eb-dee4-c23a-3942a1961586,2016-04-15 15:45:36 +0000,2016-04-15 15:45:36 +0000
d1db1ef3-5632-00d4-bda2-02aa2fd46c0f,c15df3f5-934a-f035-3871-e48e299d1f04,2016-04-15 14:30:15 +0000,2016-04-15 14:30:15 +0000
aa4366bb-eade-bc08-a10e-4daf486a46a4,979e3e21-aebd-f039-9d7a-5dbd54006f34,2016-04-15 12:29:21 +0000,2016-04-15 12:29:21 +0000
aa4366bb-eade-bc08-a10e-4daf486a46a4,979e3e21-aebd-f039-9d7a-5dbd54006f34,2016-04-15 12:29:21 +0000,2016-04-15 12:29:21 +0000
aa4366bb-eade-bc08-a10e-4daf486a46a4,47d372c2-f28c-91b0-da73-6d2cc13aa170,2016-04-15 12:28:38 +0000,2016-04-15 12:28:38 +0000
aa4366bb-eade-bc08-a10e-4daf486a46a4,47d372c2-f28c-91b0-da73-6d2cc13aa170,2016-04-15 12:28:38 +0000,2016-04-15 12:28:38 +0000
98ecabe9-dc3f-415c-aab2-9ecaae28f14b,897a3434-8fb1-8361-bd0e-c0022451835f,2016-04-15 09:30:27 +0000,2016-04-15 09:30:27 +0000
4e35a1e9-1d14-dc87-a82e-f22fa12723cc,17d626a7-27a7-a51b-9337-3839f8ed055e,2016-04-15 07:21:28 +0000,2016-04-15 07:21:28 +0000
a0648ae3-e26f-8a7e-efeb-65f2443884d6,86205927-bac0-bd77-5f18-4887ea006f76,2016-04-15 06:16:08 +0000,2016-04-15 06:16:08 +0000
51672795-59ea-00e1-e0c9-8972f0570aeb,0f67629f-2381-2fee-583b-6c2be3dfb7f2,2016-04-14 19:28:48 +0000,2016-04-14 19:28:48 +0000
51672795-59ea-00e1-e0c9-8972f0570aeb,0f67629f-2381-2fee-583b-6c2be3dfb7f2,2016-04-14 19:28:48 +0000,2016-04-14 19:28:48 +0000
51672795-59ea-00e1-e0c9-8972f0570aeb,0f67629f-2381-2fee-583b-6c2be3dfb7f2,2016-04-14 19:28:48 +0000,2016-04-14 19:28:48 +0000
51672795-59ea-00e1-e0c9-8972f0570aeb,0f67629f-2381-2fee-583b-6c2be3dfb7f2,2016-04-14 19:28:48 +0000,2016-04-14 19:28:48 +0000
51672795-59ea-00e1-e0c9-8972f0570aeb,0f67629f-2381-2fee-583b-6c2be3dfb7f2,2016-04-14 19:28:48 +0000,2016-04-14 19:28:48 +0000
51672795-59ea-00e1-e0c9-8972f0570aeb,40a582d3-4237-eed1-9896-f41c9ae51677,2016-04-14 19:28:09 +0000,2016-04-14 19:28:09 +0000
51672795-59ea-00e1-e0c9-8972f0570aeb,40a582d3-4237-eed1-9896-f41c9ae51677,2016-04-14 19:28:09 +0000,2016-04-14 19:28:09 +0000
51672795-59ea-00e1-e0c9-8972f0570aeb,40a582d3-4237-eed1-9896-f41c9ae51677,2016-04-14 19:28:09 +0000,2016-04-14 19:28:09 +0000
51672795-59ea-00e1-e0c9-8972f0570aeb,40a582d3-4237-eed1-9896-f41c9ae51677,2016-04-14 19:28:09 +0000,2016-04-14 19:28:09 +0000
51672795-59ea-00e1-e0c9-8972f0570aeb,40a582d3-4237-eed1-9896-f41c9ae51677,2016-04-14 19:28:09 +0000,2016-04-14 19:28:09 +0000
51672795-59ea-00e1-e0c9-8972f0570aeb,9fd1e37c-8d42-38a9-05e5-437c95cb3e94,2016-04-14 19:27:42 +0000,2016-04-14 19:27:42 +0000
51672795-59ea-00e1-e0c9-8972f0570aeb,9fd1e37c-8d42-38a9-05e5-437c95cb3e94,2016-04-14 19:27:42 +0000,2016-04-14 19:27:42 +0000
51672795-59ea-00e1-e0c9-8972f0570aeb,9fd1e37c-8d42-38a9-05e5-437c95cb3e94,2016-04-14 19:27:42 +0000,2016-04-14 19:27:42 +0000
51672795-59ea-00e1-e0c9-8972f0570aeb,9fd1e37c-8d42-38a9-05e5-437c95cb3e94,2016-04-14 19:27:42 +0000,2016-04-14 19:27:42 +0000
51672795-59ea-00e1-e0c9-8972f0570aeb,9fd1e37c-8d42-38a9-05e5-437c95cb3e94,2016-04-14 19:27:42 +0000,2016-04-14 19:27:42 +0000
51672795-59ea-00e1-e0c9-8972f0570aeb,a9c6f8fb-b733-3f42-341d-7545dfa6adac,2016-04-14 19:26:39 +0000,2016-04-14 19:26:39 +0000
51672795-59ea-00e1-e0c9-8972f0570aeb,a9c6f8fb-b733-3f42-341d-7545dfa6adac,2016-04-14 19:26:39 +0000,2016-04-14 19:26:39 +0000
51672795-59ea-00e1-e0c9-8972f0570aeb,a9c6f8fb-b733-3f42-341d-7545dfa6adac,2016-04-14 19:26:39 +0000,2016-04-14 19:26:39 +0000
51672795-59ea-00e1-e0c9-8972f0570aeb,a9c6f8fb-b733-3f42-341d-7545dfa6adac,2016-04-14 19:26:39 +0000,2016-04-14 19:26:39 +0000
51672795-59ea-00e1-e0c9-8972f0570aeb,a9c6f8fb-b733-3f42-341d-7545dfa6adac,2016-04-14 19:26:39 +0000,2016-04-14 19:26:39 +0000
51672795-59ea-00e1-e0c9-8972f0570aeb,16420710-f867-330f-5274-53dfdc6fcab5,2016-04-14 19:25:45 +0000,2016-04-14 19:25:45 +0000
51672795-59ea-00e1-e0c9-8972f0570aeb,16420710-f867-330f-5274-53dfdc6fcab5,2016-04-14 19:25:45 +0000,2016-04-14 19:25:45 +0000
51672795-59ea-00e1-e0c9-8972f0570aeb,16420710-f867-330f-5274-53dfdc6fcab5,2016-04-14 19:25:45 +0000,2016-04-14 19:25:45 +0000
51672795-59ea-00e1-e0c9-8972f0570aeb,16420710-f867-330f-5274-53dfdc6fcab5,2016-04-14 19:25:45 +0000,2016-04-14 19:25:45 +0000
51672795-59ea-00e1-e0c9-8972f0570aeb,16420710-f867-330f-5274-53dfdc6fcab5,2016-04-14 19:25:45 +0000,2016-04-14 19:25:45 +0000
a1048ed6-817f-e1e7-1d4c-35d8b80eaebd,96f99a8c-8540-8afe-c1c0-9fa92e23fa1b,2016-04-14 18:15:58 +0000,2016-04-14 18:15:58 +0000
5e932255-aae8-9521-7120-e726d1dc1955,b66114e0-49ca-ca9a-a337-f1d637e81a00,2016-04-14 17:36:04 +0000,2016-04-14 17:36:04 +0000
e49c11d2-1ef8-ae20-8ab2-a9f9208c77f8,dc7e0a9d-2dfc-3398-7790-50121b13e851,2016-04-14 17:36:04 +0000,2016-04-14 17:36:04 +0000
b19d64bf-f284-1cd3-7838-ae006a975c0e,ce712940-b299-f971-c14e-b3a66988eebe,2016-04-14 17:33:16 +0000,2016-04-14 17:33:16 +0000
b19d64bf-f284-1cd3-7838-ae006a975c0e,ce712940-b299-f971-c14e-b3a66988eebe,2016-04-14 17:33:16 +0000,2016-04-14 17:33:16 +0000
b19d64bf-f284-1cd3-7838-ae006a975c0e,ce712940-b299-f971-c14e-b3a66988eebe,2016-04-14 17:33:16 +0000,2016-04-14 17:33:16 +0000
b19d64bf-f284-1cd3-7838-ae006a975c0e,ce712940-b299-f971-c14e-b3a66988eebe,2016-04-14 17:33:16 +0000,2016-04-14 17:33:16 +0000
b19d64bf-f284-1cd3-7838-ae006a975c0e,ce712940-b299-f971-c14e-b3a66988eebe,2016-04-14 17:33:16 +0000,2016-04-14 17:33:16 +0000
b19d64bf-f284-1cd3-7838-ae006a975c0e,2a137a45-1afd-26d3-af36-9e5850f58275,2016-04-14 17:32:58 +0000,2016-04-14 17:32:58 +0000
b19d64bf-f284-1cd3-7838-ae006a975c0e,2a137a45-1afd-26d3-af36-9e5850f58275,2016-04-14 17:32:58 +0000,2016-04-14 17:32:58 +0000
b19d64bf-f284-1cd3-7838-ae006a975c0e,2a137a45-1afd-26d3-af36-9e5850f58275,2016-04-14 17:32:58 +0000,2016-04-14 17:32:58 +0000
b19d64bf-f284-1cd3-7838-ae006a975c0e,2a137a45-1afd-26d3-af36-9e5850f58275,2016-04-14 17:32:58 +0000,2016-04-14 17:32:58 +0000
b19d64bf-f284-1cd3-7838-ae006a975c0e,2a137a45-1afd-26d3-af36-9e5850f58275,2016-04-14 17:32:58 +0000,2016-04-14 17:32:58 +0000
b19d64bf-f284-1cd3-7838-ae006a975c0e,b2c00592-924a-b913-9958-e9a39905201e,2016-04-14 17:32:29 +0000,2016-04-14 17:32:29 +0000
b19d64bf-f284-1cd3-7838-ae006a975c0e,b2c00592-924a-b913-9958-e9a39905201e,2016-04-14 17:32:29 +0000,2016-04-14 17:32:29 +0000
b19d64bf-f284-1cd3-7838-ae006a975c0e,b2c00592-924a-b913-9958-e9a39905201e,2016-04-14 17:32:29 +0000,2016-04-14 17:32:29 +0000
b19d64bf-f284-1cd3-7838-ae006a975c0e,b2c00592-924a-b913-9958-e9a39905201e,2016-04-14 17:32:29 +0000,2016-04-14 17:32:29 +0000
b19d64bf-f284-1cd3-7838-ae006a975c0e,b2c00592-924a-b913-9958-e9a39905201e,2016-04-14 17:32:29 +0000,2016-04-14 17:32:29 +0000
b19d64bf-f284-1cd3-7838-ae006a975c0e,9da04891-5f8d-af8c-8466-29ea533f30ca,2016-04-14 17:32:28 +0000,2016-04-14 17:32:28 +0000
b19d64bf-f284-1cd3-7838-ae006a975c0e,9da04891-5f8d-af8c-8466-29ea533f30ca,2016-04-14 17:32:28 +0000,2016-04-14 17:32:28 +0000
b19d64bf-f284-1cd3-7838-ae006a975c0e,9da04891-5f8d-af8c-8466-29ea533f30ca,2016-04-14 17:32:28 +0000,2016-04-14 17:32:28 +0000
b19d64bf-f284-1cd3-7838-ae006a975c0e,9da04891-5f8d-af8c-8466-29ea533f30ca,2016-04-14 17:32:28 +0000,2016-04-14 17:32:28 +0000
b19d64bf-f284-1cd3-7838-ae006a975c0e,9da04891-5f8d-af8c-8466-29ea533f30ca,2016-04-14 17:32:28 +0000,2016-04-14 17:32:28 +0000
b19d64bf-f284-1cd3-7838-ae006a975c0e,1ec58e81-f814-2685-37b8-70e642af7239,2016-04-14 17:31:48 +0000,2016-04-14 17:31:48 +0000
b19d64bf-f284-1cd3-7838-ae006a975c0e,1ec58e81-f814-2685-37b8-70e642af7239,2016-04-14 17:31:48 +0000,2016-04-14 17:31:48 +0000
b19d64bf-f284-1cd3-7838-ae006a975c0e,1ec58e81-f814-2685-37b8-70e642af7239,2016-04-14 17:31:48 +0000,2016-04-14 17:31:48 +0000
b19d64bf-f284-1cd3-7838-ae006a975c0e,1ec58e81-f814-2685-37b8-70e642af7239,2016-04-14 17:31:48 +0000,2016-04-14 17:31:48 +0000
b19d64bf-f284-1cd3-7838-ae006a975c0e,1ec58e81-f814-2685-37b8-70e642af7239,2016-04-14 17:31:48 +0000,2016-04-14 17:31:48 +0000
a549d32b-ece5-f8c7-3974-058de1ff4ac9,b91e68cb-f40b-2486-3ddc-e683f84583eb,2016-04-14 16:48:49 +0000,2016-04-14 16:48:49 +0000
a549d32b-ece5-f8c7-3974-058de1ff4ac9,b91e68cb-f40b-2486-3ddc-e683f84583eb,2016-04-14 16:48:49 +0000,2016-04-14 16:48:49 +0000
a549d32b-ece5-f8c7-3974-058de1ff4ac9,55fceb98-1471-d8ed-f09d-2ff12ab40b75,2016-04-14 16:48:33 +0000,2016-04-14 16:48:33 +0000
a549d32b-ece5-f8c7-3974-058de1ff4ac9,55fceb98-1471-d8ed-f09d-2ff12ab40b75,2016-04-14 16:48:33 +0000,2016-04-14 16:48:33 +0000
169978f9-cf14-9927-5235-679c526e4054,222799b1-b1da-ee53-af34-1db38142c4fb,2016-04-14 16:32:57 +0000,2016-04-14 16:32:57 +0000
e113bfc8-c8e6-df95-487e-b407ad1cc9fb,9eb2c502-32e0-7f32-bb84-deb06c923241,2016-04-14 10:57:40 +0000,2016-04-14 10:57:40 +0000
a66aba36-50a2-32e4-38fa-aece1773b5cd,da1eaed6-0496-4de5-bf48-a2ea9a8e78de,2016-04-14 08:50:21 +0000,2016-04-14 08:50:21 +0000
87e1fb9c-25e6-6389-b069-be1885ba5327,da1eaed6-0496-4de5-bf48-a2ea9a8e78de,2016-04-14 08:49:19 +0000,2016-04-14 08:49:19 +0000
3ce1231d-082c-4d7c-9a2e-b43dff0cbe1c,da1eaed6-0496-4de5-bf48-a2ea9a8e78de,2016-04-14 08:47:58 +0000,2016-04-14 08:47:58 +0000
c3099712-da5a-5af5-eed9-3f9f527979f6,72bd1813-6e1b-72ea-ca01-b3bb8fb1d792,2016-04-14 03:34:40 +0000,2016-04-14 03:34:40 +0000
64b5c1d5-607c-17c2-efa4-4107c52bfb2b,4d7f9a75-854b-28bf-e44b-97b74305cba9,2016-04-14 02:04:58 +0000,2016-04-14 02:04:58 +0000
ab276ec6-fcb8-a6d8-d458-7d49b4907375,a907e8a9-3d6c-18cd-5da7-17be3adeaadd,2016-04-13 20:57:53 +0000,2016-04-13 20:57:53 +0000
4f1dece9-e32a-50f3-ee9f-44851d47d05a,be39d509-8699-59f5-11ab-7de61d99e0a6,2016-04-13 20:36:52 +0000,2016-04-13 20:36:52 +0000
5e932255-aae8-9521-7120-e726d1dc1955,be39d509-8699-59f5-11ab-7de61d99e0a6,2016-04-13 20:35:51 +0000,2016-04-13 20:35:51 +0000
64b5c1d5-607c-17c2-efa4-4107c52bfb2b,1aceef21-049b-393b-595f-7f33e5348374,2016-04-01 06:39:19 +0000,2016-04-01 06:39:19 +0000
64b5c1d5-607c-17c2-efa4-4107c52bfb2b,e4b3a4aa-cfe4-1030-431d-0c8e789bbce1,2016-04-01 06:37:28 +0000,2016-04-01 06:37:28 +0000
e49c11d2-1ef8-ae20-8ab2-a9f9208c77f8,d02f166d-c4f4-133d-0923-16866bfa5bea,2016-03-22 17:50:18 +0000,2016-03-22 17:50:18 +0000
aa4366bb-eade-bc08-a10e-4daf486a46a4,30a5d00b-4ce0-8b82-e54d-c2b43d103380,2016-03-18 15:54:04 +0000,2016-03-18 15:54:04 +0000
aa4366bb-eade-bc08-a10e-4daf486a46a4,30a5d00b-4ce0-8b82-e54d-c2b43d103380,2016-03-18 15:54:04 +0000,2016-03-18 15:54:04 +0000
aa4366bb-eade-bc08-a10e-4daf486a46a4,ac6ef54a-1f35-a468-2001-f04dd3fc035e,2016-03-18 15:53:31 +0000,2016-03-18 15:53:31 +0000
aa4366bb-eade-bc08-a10e-4daf486a46a4,ac6ef54a-1f35-a468-2001-f04dd3fc035e,2016-03-18 15:53:31 +0000,2016-03-18 15:53:31 +0000
aa4366bb-eade-bc08-a10e-4daf486a46a4,d60c500c-272f-149b-f219-d524d3a5c120,2016-03-18 15:52:59 +0000,2016-03-18 15:52:59 +0000
aa4366bb-eade-bc08-a10e-4daf486a46a4,d60c500c-272f-149b-f219-d524d3a5c120,2016-03-18 15:52:59 +0000,2016-03-18 15:52:59 +0000
e0361253-71c1-190d-523c-741ae13ca201,c8b15840-9cb8-81e7-84e1-fd5880677755,2016-03-04 12:59:21 +0000,2016-03-04 12:59:21 +0000
e49c11d2-1ef8-ae20-8ab2-a9f9208c77f8,6acfa7da-1dbd-936e-d985-cf07a1b27711,2016-02-24 14:44:36 +0000,2016-02-24 14:44:36 +0000
e49c11d2-1ef8-ae20-8ab2-a9f9208c77f8,172a34b4-9edd-b0ae-c768-cbfa8e1ab52c,2016-02-24 14:44:24 +0000,2016-02-24 14:44:24 +0000
e49c11d2-1ef8-ae20-8ab2-a9f9208c77f8,e56b0ceb-bb30-bbec-805e-d5dc7412dcb1,2016-02-24 14:44:08 +0000,2016-02-24 14:44:08 +0000
e49c11d2-1ef8-ae20-8ab2-a9f9208c77f8,1e4f199c-363b-451b-a164-f94571075ee5,2016-02-24 14:43:50 +0000,2016-02-24 14:43:50 +0000
e49c11d2-1ef8-ae20-8ab2-a9f9208c77f8,fc5fbe7a-562d-d577-b05e-46797caa134c,2016-02-24 14:43:39 +0000,2016-02-24 14:43:39 +0000
e49c11d2-1ef8-ae20-8ab2-a9f9208c77f8,491e2411-ba61-e313-7044-d06f3f1742fc,2016-02-24 14:43:13 +0000,2016-02-24 14:43:13 +0000
e49c11d2-1ef8-ae20-8ab2-a9f9208c77f8,96ab87ca-00b5-2ebc-f218-86262954e320,2016-02-24 14:42:56 +0000,2016-02-24 14:42:56 +0000
e49c11d2-1ef8-ae20-8ab2-a9f9208c77f8,315e1e59-3784-ab73-9c4a-447d2616ae82,2016-02-24 14:42:37 +0000,2016-02-24 14:42:37 +0000
e49c11d2-1ef8-ae20-8ab2-a9f9208c77f8,4beb6f32-f931-53c2-b328-deb00e4aa6e0,2016-02-24 14:42:05 +0000,2016-02-24 14:42:05 +0000
e49c11d2-1ef8-ae20-8ab2-a9f9208c77f8,a998e3ab-9586-6be8-22d7-9c7f94668fe6,2016-02-24 14:41:10 +0000,2016-02-24 14:41:10 +0000
e49c11d2-1ef8-ae20-8ab2-a9f9208c77f8,393a10ab-e369-26e4-cae1-3daa6eb33389,2016-02-24 14:30:29 +0000,2016-02-24 14:30:29 +0000
e49c11d2-1ef8-ae20-8ab2-a9f9208c77f8,4b7f49ee-d96f-9f16-199c-f3602f51ff1b,2016-02-24 14:27:27 +0000,2016-02-24 14:27:27 +0000
e49c11d2-1ef8-ae20-8ab2-a9f9208c77f8,dfe470c5-f24a-4c40-7b1f-ea28d90f1cdd,2016-02-24 14:03:32 +0000,2016-02-24 14:03:32 +0000
e49c11d2-1ef8-ae20-8ab2-a9f9208c77f8,e861630e-d84a-dfe3-5413-22cf71a9dccb,2016-02-24 14:03:07 +0000,2016-02-24 14:03:07 +0000
e49c11d2-1ef8-ae20-8ab2-a9f9208c77f8,2936de0a-9946-deb1-b068-008f9d314896,2016-02-24 14:02:37 +0000,2016-02-24 14:02:37 +0000
e49c11d2-1ef8-ae20-8ab2-a9f9208c77f8,2ef78b69-600d-8bdd-6175-c83472e77666,2016-02-24 14:02:02 +0000,2016-02-24 14:02:02 +0000
e49c11d2-1ef8-ae20-8ab2-a9f9208c77f8,6d0dcf39-086e-50cf-35d2-c79775fa1eaa,2016-02-24 14:01:02 +0000,2016-02-24 14:01:02 +0000
e49c11d2-1ef8-ae20-8ab2-a9f9208c77f8,777099be-1972-c01f-3d87-77e9e22f19de,2016-02-24 13:59:58 +0000,2016-02-24 13:59:58 +0000
e49c11d2-1ef8-ae20-8ab2-a9f9208c77f8,22e1a105-d59c-3ed8-d747-1689fd5dd22a,2016-02-24 13:58:28 +0000,2016-02-24 13:58:28 +0000
e49c11d2-1ef8-ae20-8ab2-a9f9208c77f8,f4cc619e-2445-8da6-c18d-f9e9d3d26222,2016-02-24 13:58:05 +0000,2016-02-24 13:58:05 +0000
e49c11d2-1ef8-ae20-8ab2-a9f9208c77f8,83914aac-e839-e62c-e14d-d878489ceaa3,2016-02-24 13:57:51 +0000,2016-02-24 13:57:51 +0000
e49c11d2-1ef8-ae20-8ab2-a9f9208c77f8,7ff86b3f-a499-6281-a03b-c3917f0090b3,2016-02-24 13:57:26 +0000,2016-02-24 13:57:26 +0000
e49c11d2-1ef8-ae20-8ab2-a9f9208c77f8,0263388b-0c95-9b94-68ac-92e6a2586d99,2016-02-24 13:56:48 +0000,2016-02-24 13:56:48 +0000
e49c11d2-1ef8-ae20-8ab2-a9f9208c77f8,d5e6589b-512f-c869-5c5a-0e5d31c854a1,2016-02-24 13:56:24 +0000,2016-02-24 13:56:24 +0000
e49c11d2-1ef8-ae20-8ab2-a9f9208c77f8,38fdcc37-279a-5ec5-41f1-130404aa3d6d,2016-02-24 13:55:37 +0000,2016-02-24 13:55:37 +0000
e49c11d2-1ef8-ae20-8ab2-a9f9208c77f8,5e0f1cab-fcc8-70ca-0cfd-e1b56e8188f4,2016-02-24 13:55:12 +0000,2016-02-24 13:55:12 +0000
e49c11d2-1ef8-ae20-8ab2-a9f9208c77f8,e495516e-3ec3-b9c3-d335-9173dffdfb56,2016-02-24 13:54:36 +0000,2016-02-24 13:54:36 +0000
e49c11d2-1ef8-ae20-8ab2-a9f9208c77f8,099ca8c3-f690-2f5d-7b68-e244adbe036a,2016-02-24 13:53:56 +0000,2016-02-24 13:53:56 +0000
e49c11d2-1ef8-ae20-8ab2-a9f9208c77f8,f3e4b086-24d6-d31b-8a8c-a8a0c9d1ced9,2016-02-24 13:53:34 +0000,2016-02-24 13:53:34 +0000
e49c11d2-1ef8-ae20-8ab2-a9f9208c77f8,bc032169-8a18-9c46-b2c1-8a7f68a62a4a,2016-02-24 13:52:57 +0000,2016-02-24 13:52:57 +0000
e49c11d2-1ef8-ae20-8ab2-a9f9208c77f8,b3f71f1a-9ff2-9fbb-be71-77ee8fb554ed,2016-02-24 13:52:01 +0000,2016-02-24 13:52:01 +0000
e49c11d2-1ef8-ae20-8ab2-a9f9208c77f8,a56bae91-3995-3091-c7c6-dcf001ba1344,2016-02-24 13:50:25 +0000,2016-02-24 13:50:25 +0000
e49c11d2-1ef8-ae20-8ab2-a9f9208c77f8,ff2a52e3-3edd-66ca-0607-598d8d8b74c6,2016-02-24 13:49:51 +0000,2016-02-24 13:49:51 +0000
e49c11d2-1ef8-ae20-8ab2-a9f9208c77f8,81a1ceaa-081f-fe4f-fbb4-ca4cbc8293a8,2016-02-24 13:48:37 +0000,2016-02-24 13:48:37 +0000
e49c11d2-1ef8-ae20-8ab2-a9f9208c77f8,003af4a2-74bc-83c1-58bd-f31717a17f6a,2016-02-24 13:46:59 +0000,2016-02-24 13:46:59 +0000
e49c11d2-1ef8-ae20-8ab2-a9f9208c77f8,15b2ac90-4868-7874-39ee-a1d5bb92334d,2016-02-24 13:46:26 +0000,2016-02-24 13:46:26 +0000
e49c11d2-1ef8-ae20-8ab2-a9f9208c77f8,ea5a2550-6a77-00eb-5332-98a470399630,2016-02-24 13:44:52 +0000,2016-02-24 13:44:52 +0000
e49c11d2-1ef8-ae20-8ab2-a9f9208c77f8,dfdddecb-c719-02ec-56f6-da4f071ab6e6,2016-02-24 13:43:35 +0000,2016-02-24 13:43:35 +0000
e49c11d2-1ef8-ae20-8ab2-a9f9208c77f8,f31d1c26-6f4a-f8ee-267b-bf279b1a67d6,2016-02-24 13:43:10 +0000,2016-02-24 13:43:10 +0000
e49c11d2-1ef8-ae20-8ab2-a9f9208c77f8,c1a672fb-98fb-5284-1236-bdfa905a982e,2016-02-24 13:42:55 +0000,2016-02-24 13:42:55 +0000
e49c11d2-1ef8-ae20-8ab2-a9f9208c77f8,b5162dce-28bf-d53e-a88a-0c8e5c713b7e,2016-02-24 13:42:28 +0000,2016-02-24 13:42:28 +0000
e49c11d2-1ef8-ae20-8ab2-a9f9208c77f8,2a26ffdf-21d5-db51-0971-8239578d1472,2016-02-24 13:41:59 +0000,2016-02-24 13:41:59 +0000
e49c11d2-1ef8-ae20-8ab2-a9f9208c77f8,1966843c-3293-e58c-7b23-11d8e27d3a97,2016-02-24 13:41:13 +0000,2016-02-24 13:41:13 +0000
e49c11d2-1ef8-ae20-8ab2-a9f9208c77f8,fc7ffea1-8088-eb93-0f3e-b299f43a5d32,2016-02-24 13:41:00 +0000,2016-02-24 13:41:00 +0000
e49c11d2-1ef8-ae20-8ab2-a9f9208c77f8,94140235-90b5-2a6b-0d9f-d4632506e8e0,2016-02-24 13:40:39 +0000,2016-02-24 13:40:39 +0000
e49c11d2-1ef8-ae20-8ab2-a9f9208c77f8,1a26001a-9d5f-6b7a-01a6-b58d7866778a,2016-02-24 13:40:09 +0000,2016-02-24 13:40:09 +0000
e49c11d2-1ef8-ae20-8ab2-a9f9208c77f8,10f3ae6d-93b6-dada-6f5a-a612c9e0c73d,2016-02-24 13:39:12 +0000,2016-02-24 13:39:12 +0000
e49c11d2-1ef8-ae20-8ab2-a9f9208c77f8,b0c66526-911d-6844-b99e-65adc1743024,2016-02-24 13:38:30 +0000,2016-02-24 13:38:30 +0000
e49c11d2-1ef8-ae20-8ab2-a9f9208c77f8,4ab9eaf1-202c-ed06-8403-749608edbf3f,2016-02-24 13:35:25 +0000,2016-02-24 13:35:25 +0000
e49c11d2-1ef8-ae20-8ab2-a9f9208c77f8,d9473e97-11a0-09d5-402e-64da608561ba,2016-02-24 13:33:59 +0000,2016-02-24 13:33:59 +0000
e49c11d2-1ef8-ae20-8ab2-a9f9208c77f8,57b6bd82-07d1-50be-da2a-45fabbe98fb8,2016-02-24 12:55:27 +0000,2016-02-24 12:55:27 +0000
e49c11d2-1ef8-ae20-8ab2-a9f9208c77f8,c82dec53-7bbb-546f-6790-2a45ac159be6,2016-02-24 12:55:12 +0000,2016-02-24 12:55:12 +0000
e49c11d2-1ef8-ae20-8ab2-a9f9208c77f8,92c96a80-513e-4250-5d1f-00c5fd274a87,2016-02-24 12:55:00 +0000,2016-02-24 12:55:00 +0000
e49c11d2-1ef8-ae20-8ab2-a9f9208c77f8,743ccb60-78a8-45cd-35bb-f6f1797f38f5,2016-02-24 12:54:42 +0000,2016-02-24 12:54:42 +0000
e49c11d2-1ef8-ae20-8ab2-a9f9208c77f8,d53020f6-8a56-9b9a-764d-bf209256b5b3,2016-02-24 12:54:28 +0000,2016-02-24 12:54:28 +0000
e49c11d2-1ef8-ae20-8ab2-a9f9208c77f8,1d8e5e86-2d2b-b3e0-7db4-708fed55451a,2016-02-24 12:54:15 +0000,2016-02-24 12:54:15 +0000
e49c11d2-1ef8-ae20-8ab2-a9f9208c77f8,79065b37-87be-7c0c-c73e-9ee2c58465bf,2016-02-24 12:54:00 +0000,2016-02-24 12:54:00 +0000
e49c11d2-1ef8-ae20-8ab2-a9f9208c77f8,cbc44e3a-e2f0-e9f2-4102-9971256a14ed,2016-02-24 12:53:48 +0000,2016-02-24 12:53:48 +0000
e49c11d2-1ef8-ae20-8ab2-a9f9208c77f8,c1eb0c7f-f90e-e484-2e87-a5b9c3fb3267,2016-02-24 12:53:35 +0000,2016-02-24 12:53:35 +0000
e49c11d2-1ef8-ae20-8ab2-a9f9208c77f8,b8c34c2e-7684-f4ac-410e-00b86d2712ad,2016-02-24 12:52:43 +0000,2016-02-24 12:52:43 +0000
e49c11d2-1ef8-ae20-8ab2-a9f9208c77f8,efc49acb-c50f-ee22-3636-d599a136ce33,2016-02-24 12:52:31 +0000,2016-02-24 12:52:31 +0000
e49c11d2-1ef8-ae20-8ab2-a9f9208c77f8,3a2ea5c7-9fab-fe99-4097-2dff1f2e31ce,2016-02-24 12:52:06 +0000,2016-02-24 12:52:06 +0000
e49c11d2-1ef8-ae20-8ab2-a9f9208c77f8,36128a4d-ab0b-638f-59c0-b5975ad88f28,2016-02-24 12:51:46 +0000,2016-02-24 12:51:46 +0000
e49c11d2-1ef8-ae20-8ab2-a9f9208c77f8,abc6fde4-47b3-73b1-c117-dc64fbc3e29c,2016-02-24 12:51:12 +0000,2016-02-24 12:51:12 +0000
e49c11d2-1ef8-ae20-8ab2-a9f9208c77f8,7dffd452-513a-3f89-e709-6f5c4cb97ca6,2016-02-24 12:50:23 +0000,2016-02-24 12:50:23 +0000
e49c11d2-1ef8-ae20-8ab2-a9f9208c77f8,75cd9343-7de0-2cd9-267f-19fd63ef14d8,2016-02-24 12:48:30 +0000,2016-02-24 12:48:30 +0000
e49c11d2-1ef8-ae20-8ab2-a9f9208c77f8,90d0b3bf-da99-89c4-1f88-65c135fa502e,2016-02-24 12:48:07 +0000,2016-02-24 12:48:07 +0000
e49c11d2-1ef8-ae20-8ab2-a9f9208c77f8,9cb593c9-f5ad-c361-d2d9-8138b313e592,2016-02-24 12:47:41 +0000,2016-02-24 12:47:41 +0000
e49c11d2-1ef8-ae20-8ab2-a9f9208c77f8,3b4faff0-708e-8c1c-83f0-6fea01016519,2016-02-24 12:47:20 +0000,2016-02-24 12:47:20 +0000
e49c11d2-1ef8-ae20-8ab2-a9f9208c77f8,2c82ecf6-b48c-1d96-ed05-19de5393ffc3,2016-02-24 12:47:00 +0000,2016-02-24 12:47:00 +0000
e49c11d2-1ef8-ae20-8ab2-a9f9208c77f8,8f0cd1f5-b02b-52a7-7d8f-e2063facbe4d,2016-02-24 12:45:43 +0000,2016-02-24 12:45:43 +0000
e49c11d2-1ef8-ae20-8ab2-a9f9208c77f8,b15363d2-e3d8-ec49-96cb-d47121d54d7e,2016-02-24 12:44:56 +0000,2016-02-24 12:44:56 +0000
e49c11d2-1ef8-ae20-8ab2-a9f9208c77f8,d1bbf065-80a5-2e01-18f1-f6887fdbe865,2016-02-24 12:44:32 +0000,2016-02-24 12:44:32 +0000
e49c11d2-1ef8-ae20-8ab2-a9f9208c77f8,5d910027-649d-c49c-2aa0-863ddc47183f,2016-02-24 12:41:44 +0000,2016-02-24 12:41:44 +0000
e49c11d2-1ef8-ae20-8ab2-a9f9208c77f8,0f41b6ae-de3d-7110-ba1d-159a894d522e,2016-02-24 12:40:39 +0000,2016-02-24 12:40:39 +0000
e49c11d2-1ef8-ae20-8ab2-a9f9208c77f8,0d5171b3-68b3-37c3-cb50-8cd8ccb8930b,2016-02-24 12:39:52 +0000,2016-02-24 12:39:52 +0000
e49c11d2-1ef8-ae20-8ab2-a9f9208c77f8,91df8ba9-5652-1f7c-2437-df5934a8926a,2016-02-24 12:39:27 +0000,2016-02-24 12:39:27 +0000
e49c11d2-1ef8-ae20-8ab2-a9f9208c77f8,15826858-e158-9c29-4ff4-edc3fd29e10a,2016-02-24 12:39:04 +0000,2016-02-24 12:39:04 +0000
e49c11d2-1ef8-ae20-8ab2-a9f9208c77f8,508e808a-fbc0-bd3c-bac2-6aeeef337d55,2016-02-24 12:38:08 +0000,2016-02-24 12:38:08 +0000
98ecabe9-dc3f-415c-aab2-9ecaae28f14b,81ee2061-a5e0-542b-37f2-2af170af59b9,2016-02-12 12:32:33 +0000,2016-02-12 12:32:33 +0000
98ecabe9-dc3f-415c-aab2-9ecaae28f14b,a0df1d58-7470-9534-2dcf-ba8a0387771e,2016-02-12 12:31:15 +0000,2016-02-12 12:31:15 +0000
98ecabe9-dc3f-415c-aab2-9ecaae28f14b,5694b238-3ce4-caef-731b-8b054614bd63,2016-02-12 12:29:33 +0000,2016-02-12 12:29:33 +0000
4f1dece9-e32a-50f3-ee9f-44851d47d05a,c8d08b48-8984-63c0-b45d-b15e7182e50d,2015-11-12 23:09:12 +0000,2015-11-12 23:09:12 +0000
4f1dece9-e32a-50f3-ee9f-44851d47d05a,a36e9aa1-6609-7017-6e59-9e73437d27e0,2015-11-12 23:08:26 +0000,2015-11-12 23:08:26 +0000
4f1dece9-e32a-50f3-ee9f-44851d47d05a,573c410b-6188-d5f8-86b7-55249c3b5278,2015-11-12 23:08:11 +0000,2015-11-12 23:08:11 +0000
4f1dece9-e32a-50f3-ee9f-44851d47d05a,71d51015-1800-ed61-8bc3-8dca49caec15,2015-11-12 22:14:55 +0000,2015-11-12 22:14:55 +0000
4f1dece9-e32a-50f3-ee9f-44851d47d05a,7ef1577a-8779-8044-4a42-669b796f8e4f,2015-11-12 22:14:41 +0000,2015-11-12 22:14:41 +0000
4f1dece9-e32a-50f3-ee9f-44851d47d05a,1248ec6f-42b1-4e80-a919-e11d97f44109,2015-11-12 22:14:30 +0000,2015-11-12 22:14:30 +0000
4f1dece9-e32a-50f3-ee9f-44851d47d05a,f6be5408-4448-0abc-1b3f-b78cd08fede6,2015-11-12 22:14:14 +0000,2015-11-12 22:14:14 +0000
4f1dece9-e32a-50f3-ee9f-44851d47d05a,9e66fb96-da33-b41e-7b15-7003909435b9,2015-11-12 22:13:51 +0000,2015-11-12 22:13:51 +0000
4f1dece9-e32a-50f3-ee9f-44851d47d05a,4a888835-9079-d722-2df0-b5d2722ca911,2015-11-12 22:13:38 +0000,2015-11-12 22:13:38 +0000
4f1dece9-e32a-50f3-ee9f-44851d47d05a,21afbf30-6271-7fcf-f1bd-314a1a01e09c,2015-11-12 22:13:18 +0000,2015-11-12 22:13:18 +0000
4f1dece9-e32a-50f3-ee9f-44851d47d05a,ad25a656-6db7-96ec-bad6-e33af2ef94e1,2015-11-12 22:13:02 +0000,2015-11-12 22:13:02 +0000
4f1dece9-e32a-50f3-ee9f-44851d47d05a,bef5bd4b-72c6-7877-d7ab-8bbe43f7bda7,2015-11-12 22:11:15 +0000,2015-11-12 22:11:15 +0000
4f1dece9-e32a-50f3-ee9f-44851d47d05a,11e73cc3-94e5-efa6-169b-a107b6aa88ff,2015-11-12 22:10:39 +0000,2015-11-12 22:10:39 +0000
4f1dece9-e32a-50f3-ee9f-44851d47d05a,7d19f2ce-efd0-db6b-c034-4c58d1f03373,2015-11-12 22:10:21 +0000,2015-11-12 22:10:21 +0000
4f1dece9-e32a-50f3-ee9f-44851d47d05a,41bd06bd-af9a-eb07-d38c-ba2dfa32a3bb,2015-11-12 22:10:06 +0000,2015-11-12 22:10:06 +0000
4f1dece9-e32a-50f3-ee9f-44851d47d05a,1e4f199c-363b-451b-a164-f94571075ee5,2015-11-12 22:09:48 +0000,2015-11-12 22:09:48 +0000
4f1dece9-e32a-50f3-ee9f-44851d47d05a,24462d0b-b6b7-263e-6a61-c2a0b05e35dc,2015-11-12 22:09:37 +0000,2015-11-12 22:09:37 +0000
4f1dece9-e32a-50f3-ee9f-44851d47d05a,fc5fbe7a-562d-d577-b05e-46797caa134c,2015-11-12 22:09:25 +0000,2015-11-12 22:09:25 +0000
4f1dece9-e32a-50f3-ee9f-44851d47d05a,31a4e4b9-096e-12e5-1da4-d76f400bfcc0,2015-11-12 22:08:31 +0000,2015-11-12 22:08:31 +0000
4f1dece9-e32a-50f3-ee9f-44851d47d05a,7f5d8bcd-5e3d-97ec-281d-8e176c7c8330,2015-11-12 22:07:52 +0000,2015-11-12 22:07:52 +0000
4f1dece9-e32a-50f3-ee9f-44851d47d05a,a907e8a9-3d6c-18cd-5da7-17be3adeaadd,2015-11-12 22:06:26 +0000,2015-11-12 22:06:26 +0000
4f1dece9-e32a-50f3-ee9f-44851d47d05a,dfdddecb-c719-02ec-56f6-da4f071ab6e6,2015-11-12 22:06:15 +0000,2015-11-12 22:06:15 +0000
4f1dece9-e32a-50f3-ee9f-44851d47d05a,bd0aa3aa-c14e-5fe3-396b-7e19a2f4d141,2015-11-12 22:06:04 +0000,2015-11-12 22:06:04 +0000
4f1dece9-e32a-50f3-ee9f-44851d47d05a,fd80725f-53fc-7009-9878-aeecf1e9ffbb,2015-11-12 22:05:52 +0000,2015-11-12 22:05:52 +0000
4f1dece9-e32a-50f3-ee9f-44851d47d05a,c05830dc-10fa-07e1-eefe-52111efccb8c,2015-11-12 22:05:41 +0000,2015-11-12 22:05:41 +0000
4f1dece9-e32a-50f3-ee9f-44851d47d05a,21576e4d-9584-43bd-06fb-88c92a981fb5,2015-11-12 22:05:25 +0000,2015-11-12 22:05:25 +0000
4f1dece9-e32a-50f3-ee9f-44851d47d05a,d5b9d6ac-97a8-1abf-c138-5c548d4acb38,2015-11-12 22:05:05 +0000,2015-11-12 22:05:05 +0000
4f1dece9-e32a-50f3-ee9f-44851d47d05a,4ccd2e5d-7547-bf79-8ab2-5bb720517adc,2015-11-12 22:04:23 +0000,2015-11-12 22:04:23 +0000
4f1dece9-e32a-50f3-ee9f-44851d47d05a,34fb1fce-6082-b01c-f8fa-c3a7574aab7d,2015-11-12 22:04:10 +0000,2015-11-12 22:04:10 +0000
4f1dece9-e32a-50f3-ee9f-44851d47d05a,f4938b60-deed-f590-8fd4-d12512dd0576,2015-11-12 22:03:47 +0000,2015-11-12 22:03:47 +0000
5e932255-aae8-9521-7120-e726d1dc1955,52aa8b32-4135-670f-8d03-1440f9ae4751,2015-10-06 18:40:39 +0000,2015-10-06 18:40:39 +0000
5e932255-aae8-9521-7120-e726d1dc1955,dc7e0a9d-2dfc-3398-7790-50121b13e851,2015-10-06 18:39:25 +0000,2015-10-06 18:39:25 +0000
5e932255-aae8-9521-7120-e726d1dc1955,f31d1c26-6f4a-f8ee-267b-bf279b1a67d6,2015-10-06 18:39:14 +0000,2015-10-06 18:39:14 +0000
5e932255-aae8-9521-7120-e726d1dc1955,fc5fbe7a-562d-d577-b05e-46797caa134c,2015-10-06 18:39:01 +0000,2015-10-06 18:39:01 +0000
5e932255-aae8-9521-7120-e726d1dc1955,4791bb73-2eff-bd6f-bdcd-232f7d2ed445,2015-10-06 18:38:48 +0000,2015-10-06 18:38:48 +0000
5e932255-aae8-9521-7120-e726d1dc1955,a325d318-5167-525b-f61d-2ab89d6b05c9,2015-10-06 18:38:31 +0000,2015-10-06 18:38:31 +0000
5e932255-aae8-9521-7120-e726d1dc1955,e83b8f68-8bc9-6b56-220c-0ffbd470b931,2015-10-06 18:38:09 +0000,2015-10-06 18:38:09 +0000
5e932255-aae8-9521-7120-e726d1dc1955,0393ec59-73c7-c747-c97d-43455ff3adfb,2015-10-06 18:36:15 +0000,2015-10-06 18:36:15 +0000
5e932255-aae8-9521-7120-e726d1dc1955,3e4f2c12-79ea-c8a1-9a56-68f280702d72,2015-10-06 18:36:05 +0000,2015-10-06 18:36:05 +0000
5e932255-aae8-9521-7120-e726d1dc1955,56a69786-8e54-c9c3-0b0c-1c109fc825b7,2015-10-06 18:35:54 +0000,2015-10-06 18:35:54 +0000
5e932255-aae8-9521-7120-e726d1dc1955,8b69af97-cb83-b6f0-789b-45f6f4211171,2015-10-06 18:35:39 +0000,2015-10-06 18:35:39 +0000
5e932255-aae8-9521-7120-e726d1dc1955,0e8aeaff-bbd3-cebc-7b8d-dedb6c239b11,2015-10-06 18:34:33 +0000,2015-10-06 18:34:33 +0000
08d635e5-fce1-c4f7-d3fb-5b7286415b04,8957a3e5-98e5-81dd-b90a-acaadd0d7c50,2015-10-06 15:56:17 +0000,2015-10-06 15:56:17 +0000
eafd9f84-4422-7845-0ddd-56b9d9776923,8f550b58-e543-6a0f-e065-58b58f7b72ad,2015-09-25 23:00:37 +0000,2015-09-25 23:00:37 +0000
98ecabe9-dc3f-415c-aab2-9ecaae28f14b,969ca31d-18fd-d133-8f73-a9fee866d8cd,2015-08-12 13:29:19 +0000,2015-08-12 13:29:20 +0000
98ecabe9-dc3f-415c-aab2-9ecaae28f14b,f8a5330b-399e-7845-7315-c351c2b2acd4,2015-08-12 13:29:00 +0000,2015-08-12 13:29:00 +0000
98ecabe9-dc3f-415c-aab2-9ecaae28f14b,7103e064-eb56-1aeb-af09-2a4d53d03e16,2015-08-12 13:28:39 +0000,2015-08-12 13:28:40 +0000
98ecabe9-dc3f-415c-aab2-9ecaae28f14b,a4aa27bd-c688-65b1-a02a-4f02d021d958,2015-08-12 13:27:38 +0000,2015-08-12 13:27:38 +0000
a549d32b-ece5-f8c7-3974-058de1ff4ac9,3a60441c-ddba-6068-ebe2-fd00daa5f871,2015-07-20 15:45:55 +0000,2015-07-20 15:45:55 +0000
a549d32b-ece5-f8c7-3974-058de1ff4ac9,3a60441c-ddba-6068-ebe2-fd00daa5f871,2015-07-20 15:45:55 +0000,2015-07-20 15:45:55 +0000
eafd9f84-4422-7845-0ddd-56b9d9776923,38ed99e6-f829-0f42-de85-93b881732188,2015-04-22 18:36:55 +0000,2015-04-22 18:36:55 +0000
eafd9f84-4422-7845-0ddd-56b9d9776923,54219e4d-1a16-d97e-9088-ac29cbcfa28f,2015-04-22 18:35:59 +0000,2015-04-22 18:35:59 +0000
08d635e5-fce1-c4f7-d3fb-5b7286415b04,58580bc1-0473-c7e8-e819-f4041aa84b48,2015-03-02 12:44:43 +0000,2015-03-02 12:44:44 +0000
98ecabe9-dc3f-415c-aab2-9ecaae28f14b,c845b42a-6949-8b2a-5cf7-187b3b938194,2015-01-19 18:14:06 +0000,2015-01-19 18:14:07 +0000
98ecabe9-dc3f-415c-aab2-9ecaae28f14b,7c36d8c3-6504-09d4-2760-40d10b39c27b,2015-01-19 18:13:00 +0000,2015-01-19 18:13:01 +0000
98ecabe9-dc3f-415c-aab2-9ecaae28f14b,6f3eeddb-a7fb-353f-9b8b-5d31f6e5a9fb,2015-01-19 18:11:15 +0000,2015-01-19 18:11:16 +0000
a549d32b-ece5-f8c7-3974-058de1ff4ac9,a4bd488b-60d5-d3c9-945b-7c9a7dfa6ec6,2015-01-04 08:53:20 +0000,2015-01-04 08:53:21 +0000
a549d32b-ece5-f8c7-3974-058de1ff4ac9,a4bd488b-60d5-d3c9-945b-7c9a7dfa6ec6,2015-01-04 08:53:20 +0000,2015-01-04 08:53:21 +0000
a549d32b-ece5-f8c7-3974-058de1ff4ac9,7afb7622-c4fe-6155-e5dd-03c085080c28,2015-01-04 08:52:30 +0000,2015-01-04 08:52:31 +0000
a549d32b-ece5-f8c7-3974-058de1ff4ac9,7afb7622-c4fe-6155-e5dd-03c085080c28,2015-01-04 08:52:30 +0000,2015-01-04 08:52:31 +0000
a549d32b-ece5-f8c7-3974-058de1ff4ac9,d7a97e7f-2cc6-30a8-1f2a-b3adeae33ce6,2015-01-04 08:51:20 +0000,2015-01-04 08:51:21 +0000
a549d32b-ece5-f8c7-3974-058de1ff4ac9,d7a97e7f-2cc6-30a8-1f2a-b3adeae33ce6,2015-01-04 08:51:20 +0000,2015-01-04 08:51:21 +0000
a549d32b-ece5-f8c7-3974-058de1ff4ac9,afdd34cd-44a0-30d4-8041-4018a6b2567d,2015-01-04 08:50:44 +0000,2015-01-04 08:50:44 +0000
a549d32b-ece5-f8c7-3974-058de1ff4ac9,afdd34cd-44a0-30d4-8041-4018a6b2567d,2015-01-04 08:50:44 +0000,2015-01-04 08:50:44 +0000
a549d32b-ece5-f8c7-3974-058de1ff4ac9,b6e1f019-42f5-7259-dc87-0de0ea01ae17,2015-01-04 08:50:19 +0000,2015-01-04 08:50:20 +0000
a549d32b-ece5-f8c7-3974-058de1ff4ac9,b6e1f019-42f5-7259-dc87-0de0ea01ae17,2015-01-04 08:50:19 +0000,2015-01-04 08:50:20 +0000
a549d32b-ece5-f8c7-3974-058de1ff4ac9,e56b0ceb-bb30-bbec-805e-d5dc7412dcb1,2015-01-04 08:49:42 +0000,2015-01-04 08:49:43 +0000
a549d32b-ece5-f8c7-3974-058de1ff4ac9,e56b0ceb-bb30-bbec-805e-d5dc7412dcb1,2015-01-04 08:49:42 +0000,2015-01-04 08:49:43 +0000
